Location,Indicator,Period,First Tooltip
Afghanistan,Estimated number of malaria deaths,2017,298 [110-510]
Afghanistan,Estimated number of malaria deaths,2016,294 [100-530]
Afghanistan,Estimated number of malaria deaths,2015,175 [60-320]
Afghanistan,Estimated number of malaria deaths,2014,136 [50-260]
Afghanistan,Estimated number of malaria deaths,2013,99 [30-200]
Afghanistan,Estimated number of malaria deaths,2012,117 [30-260]
Afghanistan,Estimated number of malaria deaths,2011,242 [70-490]
Afghanistan,Estimated number of malaria deaths,2010,200 [60-410]
Algeria,Estimated number of malaria deaths,2017,0
Algeria,Estimated number of malaria deaths,2016,0
Algeria,Estimated number of malaria deaths,2015,0
Algeria,Estimated number of malaria deaths,2014,0
Algeria,Estimated number of malaria deaths,2013,0
Algeria,Estimated number of malaria deaths,2012,0
Algeria,Estimated number of malaria deaths,2011,0
Algeria,Estimated number of malaria deaths,2010,1
Angola,Estimated number of malaria deaths,2017,13316 [9970-16600]
Angola,Estimated number of malaria deaths,2016,13197 [9840-16600]
Angola,Estimated number of malaria deaths,2015,13046 [9640-16400]
Angola,Estimated number of malaria deaths,2014,12763 [9410-16100]
Angola,Estimated number of malaria deaths,2013,12399 [9070-15700]
Angola,Estimated number of malaria deaths,2012,12437 [9050-15800]
Angola,Estimated number of malaria deaths,2011,12763 [9270-16300]
Angola,Estimated number of malaria deaths,2010,13351 [9730-17000]
Argentina,Estimated number of malaria deaths,2017,0
Argentina,Estimated number of malaria deaths,2016,0
Argentina,Estimated number of malaria deaths,2015,0
Argentina,Estimated number of malaria deaths,2014,0
Argentina,Estimated number of malaria deaths,2013,0
Argentina,Estimated number of malaria deaths,2012,0
Argentina,Estimated number of malaria deaths,2011,0
Argentina,Estimated number of malaria deaths,2010,0
Armenia,Estimated number of malaria deaths,2017,0
Armenia,Estimated number of malaria deaths,2016,0
Armenia,Estimated number of malaria deaths,2015,0
Armenia,Estimated number of malaria deaths,2014,0
Armenia,Estimated number of malaria deaths,2013,0
Armenia,Estimated number of malaria deaths,2012,0
Armenia,Estimated number of malaria deaths,2011,0
Armenia,Estimated number of malaria deaths,2010,0
Azerbaijan,Estimated number of malaria deaths,2017,0
Azerbaijan,Estimated number of malaria deaths,2016,0
Azerbaijan,Estimated number of malaria deaths,2015,0
Azerbaijan,Estimated number of malaria deaths,2014,0
Azerbaijan,Estimated number of malaria deaths,2013,0
Azerbaijan,Estimated number of malaria deaths,2012,0
Azerbaijan,Estimated number of malaria deaths,2011,0
Azerbaijan,Estimated number of malaria deaths,2010,0
Bangladesh,Estimated number of malaria deaths,2017,76 [3-130]
Bangladesh,Estimated number of malaria deaths,2016,73 [3-120]
Bangladesh,Estimated number of malaria deaths,2015,107 [4-180]
Bangladesh,Estimated number of malaria deaths,2014,132 [5-210]
Bangladesh,Estimated number of malaria deaths,2013,60 [2-100]
Bangladesh,Estimated number of malaria deaths,2012,87 [3-140]
Bangladesh,Estimated number of malaria deaths,2011,250 [10-420]
Bangladesh,Estimated number of malaria deaths,2010,274 [10-470]
Belize,Estimated number of malaria deaths,2017,0
Belize,Estimated number of malaria deaths,2016,0
Belize,Estimated number of malaria deaths,2015,0
Belize,Estimated number of malaria deaths,2014,0
Belize,Estimated number of malaria deaths,2013,0
Belize,Estimated number of malaria deaths,2012,0
Belize,Estimated number of malaria deaths,2011,0
Belize,Estimated number of malaria deaths,2010,0
Benin,Estimated number of malaria deaths,2017,7328 [5740-8920]
Benin,Estimated number of malaria deaths,2016,7137 [5570-8710]
Benin,Estimated number of malaria deaths,2015,6872 [5340-8410]
Benin,Estimated number of malaria deaths,2014,6709 [5190-8220]
Benin,Estimated number of malaria deaths,2013,6633 [5130-8140]
Benin,Estimated number of malaria deaths,2012,6940 [5380-8500]
Benin,Estimated number of malaria deaths,2011,7554 [5900-9210]
Benin,Estimated number of malaria deaths,2010,8273 [6520-10000]
Bhutan,Estimated number of malaria deaths,2017,0
Bhutan,Estimated number of malaria deaths,2016,0
Bhutan,Estimated number of malaria deaths,2015,0
Bhutan,Estimated number of malaria deaths,2014,0
Bhutan,Estimated number of malaria deaths,2013,0
Bhutan,Estimated number of malaria deaths,2012,1
Bhutan,Estimated number of malaria deaths,2011,1
Bhutan,Estimated number of malaria deaths,2010,2
Bolivia (Plurinational State of),Estimated number of malaria deaths,2017,2 [0-4]
Bolivia (Plurinational State of),Estimated number of malaria deaths,2016,2 [0-5]
Bolivia (Plurinational State of),Estimated number of malaria deaths,2015,3 [1-7]
Bolivia (Plurinational State of),Estimated number of malaria deaths,2014,5 [1-9]
Bolivia (Plurinational State of),Estimated number of malaria deaths,2013,7 [1-10]
Bolivia (Plurinational State of),Estimated number of malaria deaths,2012,5 [1-9]
Bolivia (Plurinational State of),Estimated number of malaria deaths,2011,5 [1-9]
Bolivia (Plurinational State of),Estimated number of malaria deaths,2010,11 [3-20]
Botswana,Estimated number of malaria deaths,2017,7 [0-20]
Botswana,Estimated number of malaria deaths,2016,2 [0-5]
Botswana,Estimated number of malaria deaths,2015,1 [0-2]
Botswana,Estimated number of malaria deaths,2014,5 [0-10]
Botswana,Estimated number of malaria deaths,2013,1 [0-3]
Botswana,Estimated number of malaria deaths,2012,0 [0-1]
Botswana,Estimated number of malaria deaths,2011,1 [0-3]
Botswana,Estimated number of malaria deaths,2010,7 [0-30]
Brazil,Estimated number of malaria deaths,2017,30
Brazil,Estimated number of malaria deaths,2016,35
Brazil,Estimated number of malaria deaths,2015,35
Brazil,Estimated number of malaria deaths,2014,36
Brazil,Estimated number of malaria deaths,2013,40
Brazil,Estimated number of malaria deaths,2012,60
Brazil,Estimated number of malaria deaths,2011,70
Brazil,Estimated number of malaria deaths,2010,76
Burkina Faso,Estimated number of malaria deaths,2017,27791 [25100-30500]
Burkina Faso,Estimated number of malaria deaths,2016,28453 [25600-31400]
Burkina Faso,Estimated number of malaria deaths,2015,29833 [26500-33100]
Burkina Faso,Estimated number of malaria deaths,2014,31910 [28100-35700]
Burkina Faso,Estimated number of malaria deaths,2013,33414 [29200-37600]
Burkina Faso,Estimated number of malaria deaths,2012,37028 [32100-42000]
Burkina Faso,Estimated number of malaria deaths,2011,40873 [35100-46600]
Burkina Faso,Estimated number of malaria deaths,2010,43695 [37300-50100]
Burundi,Estimated number of malaria deaths,2017,5253 [4300-6200]
Burundi,Estimated number of malaria deaths,2016,5161 [4220-6100]
Burundi,Estimated number of malaria deaths,2015,5044 [4110-5980]
Burundi,Estimated number of malaria deaths,2014,4964 [4030-5900]
Burundi,Estimated number of malaria deaths,2013,4857 [3930-5790]
Burundi,Estimated number of malaria deaths,2012,4876 [3940-5820]
Burundi,Estimated number of malaria deaths,2011,4724 [3800-5660]
Burundi,Estimated number of malaria deaths,2010,4801 [3840-5760]
Cabo Verde,Estimated number of malaria deaths,2017,1
Cabo Verde,Estimated number of malaria deaths,2016,1
Cabo Verde,Estimated number of malaria deaths,2015,0
Cabo Verde,Estimated number of malaria deaths,2014,2
Cabo Verde,Estimated number of malaria deaths,2013,0
Cabo Verde,Estimated number of malaria deaths,2012,0
Cabo Verde,Estimated number of malaria deaths,2011,1
Cabo Verde,Estimated number of malaria deaths,2010,1
Cambodia,Estimated number of malaria deaths,2017,345 [30-590]
Cambodia,Estimated number of malaria deaths,2016,210 [20-360]
Cambodia,Estimated number of malaria deaths,2015,385 [30-660]
Cambodia,Estimated number of malaria deaths,2014,410 [30-700]
Cambodia,Estimated number of malaria deaths,2013,238 [20-400]
Cambodia,Estimated number of malaria deaths,2012,393 [40-670]
Cambodia,Estimated number of malaria deaths,2011,657 [50-1120]
Cambodia,Estimated number of malaria deaths,2010,659 [40-1170]
Cameroon,Estimated number of malaria deaths,2017,11566 [8900-14200]
Cameroon,Estimated number of malaria deaths,2016,11999 [9230-14800]
Cameroon,Estimated number of malaria deaths,2015,12445 [9580-15300]
Cameroon,Estimated number of malaria deaths,2014,12638 [9710-15500]
Cameroon,Estimated number of malaria deaths,2013,12484 [9620-15400]
Cameroon,Estimated number of malaria deaths,2012,12301 [9450-15200]
Cameroon,Estimated number of malaria deaths,2011,11848 [9060-14600]
Cameroon,Estimated number of malaria deaths,2010,12340 [9450-15200]
Central African Republic,Estimated number of malaria deaths,2017,4804 [3980-5640]
Central African Republic,Estimated number of malaria deaths,2016,4998 [4130-5870]
Central African Republic,Estimated number of malaria deaths,2015,5289 [4350-6220]
Central African Republic,Estimated number of malaria deaths,2014,5668 [4640-6690]
Central African Republic,Estimated number of malaria deaths,2013,6106 [4990-7220]
Central African Republic,Estimated number of malaria deaths,2012,6739 [5480-7990]
Central African Republic,Estimated number of malaria deaths,2011,7426 [6020-8830]
Central African Republic,Estimated number of malaria deaths,2010,8165 [6590-9730]
Chad,Estimated number of malaria deaths,2017,8729 [6640-10800]
Chad,Estimated number of malaria deaths,2016,8900 [6730-11100]
Chad,Estimated number of malaria deaths,2015,9206 [6950-11500]
Chad,Estimated number of malaria deaths,2014,9749 [7350-12200]
Chad,Estimated number of malaria deaths,2013,10632 [8000-13300]
Chad,Estimated number of malaria deaths,2012,11575 [8700-14400]
Chad,Estimated number of malaria deaths,2011,12809 [9660-16000]
Chad,Estimated number of malaria deaths,2010,13695 [10300-17000]
China,Estimated number of malaria deaths,2017,0
China,Estimated number of malaria deaths,2016,0
China,Estimated number of malaria deaths,2015,0
China,Estimated number of malaria deaths,2014,0
China,Estimated number of malaria deaths,2013,0
China,Estimated number of malaria deaths,2012,0
China,Estimated number of malaria deaths,2011,33
China,Estimated number of malaria deaths,2010,19
Colombia,Estimated number of malaria deaths,2017,0
Colombia,Estimated number of malaria deaths,2016,0
Colombia,Estimated number of malaria deaths,2015,0
Colombia,Estimated number of malaria deaths,2014,17
Colombia,Estimated number of malaria deaths,2013,10
Colombia,Estimated number of malaria deaths,2012,24
Colombia,Estimated number of malaria deaths,2011,23
Colombia,Estimated number of malaria deaths,2010,42
Comoros,Estimated number of malaria deaths,2017,8 [0-10]
Comoros,Estimated number of malaria deaths,2016,2 [0-4]
Comoros,Estimated number of malaria deaths,2015,3 [0-5]
Comoros,Estimated number of malaria deaths,2014,5 [0-8]
Comoros,Estimated number of malaria deaths,2013,134 [5-210]
Comoros,Estimated number of malaria deaths,2012,126 [5-200]
Comoros,Estimated number of malaria deaths,2011,61 [2-100]
Comoros,Estimated number of malaria deaths,2010,90 [3-140]
Congo,Estimated number of malaria deaths,2017,1993 [1790-2190]
Congo,Estimated number of malaria deaths,2016,1996 [1780-2210]
Congo,Estimated number of malaria deaths,2015,2001 [1780-2220]
Congo,Estimated number of malaria deaths,2014,2000 [1770-2230]
Congo,Estimated number of malaria deaths,2013,1994 [1760-2230]
Congo,Estimated number of malaria deaths,2012,1951 [1720-2180]
Congo,Estimated number of malaria deaths,2011,1948 [1710-2190]
Congo,Estimated number of malaria deaths,2010,1962 [1710-2210]
Costa Rica,Estimated number of malaria deaths,2017,0
Costa Rica,Estimated number of malaria deaths,2016,0
Costa Rica,Estimated number of malaria deaths,2015,0
Costa Rica,Estimated number of malaria deaths,2014,0
Costa Rica,Estimated number of malaria deaths,2013,0
Costa Rica,Estimated number of malaria deaths,2012,0
Costa Rica,Estimated number of malaria deaths,2011,0
Costa Rica,Estimated number of malaria deaths,2010,0
Côte d’Ivoire,Estimated number of malaria deaths,2017,9579 [8090-11100]
Côte d’Ivoire,Estimated number of malaria deaths,2016,9579 [8080-11100]
Côte d’Ivoire,Estimated number of malaria deaths,2015,9800 [8220-11400]
Côte d’Ivoire,Estimated number of malaria deaths,2014,9793 [8200-11400]
Côte d’Ivoire,Estimated number of malaria deaths,2013,10871 [9020-12700]
Côte d’Ivoire,Estimated number of malaria deaths,2012,12502 [10300-14700]
Côte d’Ivoire,Estimated number of malaria deaths,2011,14960 [12200-17700]
Côte d’Ivoire,Estimated number of malaria deaths,2010,16925 [13800-20000]
Democratic People's Republic of Korea,Estimated number of malaria deaths,2017,0
Democratic People's Republic of Korea,Estimated number of malaria deaths,2016,0
Democratic People's Republic of Korea,Estimated number of malaria deaths,2015,0
Democratic People's Republic of Korea,Estimated number of malaria deaths,2014,0
Democratic People's Republic of Korea,Estimated number of malaria deaths,2013,0
Democratic People's Republic of Korea,Estimated number of malaria deaths,2012,0
Democratic People's Republic of Korea,Estimated number of malaria deaths,2011,0
Democratic People's Republic of Korea,Estimated number of malaria deaths,2010,0
Democratic Republic of the Congo,Estimated number of malaria deaths,2017,46007 [35400-56600]
Democratic Republic of the Congo,Estimated number of malaria deaths,2016,46408 [35600-57200]
Democratic Republic of the Congo,Estimated number of malaria deaths,2015,46276 [35500-57000]
Democratic Republic of the Congo,Estimated number of malaria deaths,2014,46449 [35600-57300]
Democratic Republic of the Congo,Estimated number of malaria deaths,2013,46747 [35800-57600]
Democratic Republic of the Congo,Estimated number of malaria deaths,2012,48763 [37300-60200]
Democratic Republic of the Congo,Estimated number of malaria deaths,2011,53765 [41200-66300]
Democratic Republic of the Congo,Estimated number of malaria deaths,2010,62375 [48100-76600]
Djibouti,Estimated number of malaria deaths,2017,0
Djibouti,Estimated number of malaria deaths,2016,5
Djibouti,Estimated number of malaria deaths,2015,23
Djibouti,Estimated number of malaria deaths,2014,28
Djibouti,Estimated number of malaria deaths,2013,17
Djibouti,Estimated number of malaria deaths,2012,0
Djibouti,Estimated number of malaria deaths,2011,0
Djibouti,Estimated number of malaria deaths,2010,0
Dominican Republic,Estimated number of malaria deaths,2017,1 [0-1]
Dominican Republic,Estimated number of malaria deaths,2016,2 [0-4]
Dominican Republic,Estimated number of malaria deaths,2015,1 [0-3]
Dominican Republic,Estimated number of malaria deaths,2014,1 [0-2]
Dominican Republic,Estimated number of malaria deaths,2013,1 [0-3]
Dominican Republic,Estimated number of malaria deaths,2012,3 [0-5]
Dominican Republic,Estimated number of malaria deaths,2011,5 [0-8]
Dominican Republic,Estimated number of malaria deaths,2010,10 [0-20]
Ecuador,Estimated number of malaria deaths,2017,0
Ecuador,Estimated number of malaria deaths,2016,0
Ecuador,Estimated number of malaria deaths,2015,0
Ecuador,Estimated number of malaria deaths,2014,0
Ecuador,Estimated number of malaria deaths,2013,0
Ecuador,Estimated number of malaria deaths,2012,0
Ecuador,Estimated number of malaria deaths,2011,0
Ecuador,Estimated number of malaria deaths,2010,0
Egypt,Estimated number of malaria deaths,2017,0
Egypt,Estimated number of malaria deaths,2016,0
Egypt,Estimated number of malaria deaths,2015,0
Egypt,Estimated number of malaria deaths,2014,0
Egypt,Estimated number of malaria deaths,2013,0
Egypt,Estimated number of malaria deaths,2012,0
Egypt,Estimated number of malaria deaths,2011,4
Egypt,Estimated number of malaria deaths,2010,2
El Salvador,Estimated number of malaria deaths,2017,0
El Salvador,Estimated number of malaria deaths,2016,0
El Salvador,Estimated number of malaria deaths,2015,0
El Salvador,Estimated number of malaria deaths,2014,0
El Salvador,Estimated number of malaria deaths,2013,0
El Salvador,Estimated number of malaria deaths,2012,0
El Salvador,Estimated number of malaria deaths,2011,0
El Salvador,Estimated number of malaria deaths,2010,0
Equatorial Guinea,Estimated number of malaria deaths,2017,669 [530-810]
Equatorial Guinea,Estimated number of malaria deaths,2016,728 [580-880]
Equatorial Guinea,Estimated number of malaria deaths,2015,807 [640-970]
Equatorial Guinea,Estimated number of malaria deaths,2014,919 [730-1110]
Equatorial Guinea,Estimated number of malaria deaths,2013,1017 [810-1220]
Equatorial Guinea,Estimated number of malaria deaths,2012,1067 [850-1280]
Equatorial Guinea,Estimated number of malaria deaths,2011,1079 [860-1300]
Equatorial Guinea,Estimated number of malaria deaths,2010,1047 [840-1260]
Eritrea,Estimated number of malaria deaths,2017,222 [10-460]
Eritrea,Estimated number of malaria deaths,2016,198 [7-440]
Eritrea,Estimated number of malaria deaths,2015,129 [6-270]
Eritrea,Estimated number of malaria deaths,2014,227 [10-470]
Eritrea,Estimated number of malaria deaths,2013,88 [5-180]
Eritrea,Estimated number of malaria deaths,2012,85 [6-180]
Eritrea,Estimated number of malaria deaths,2011,142 [9-290]
Eritrea,Estimated number of malaria deaths,2010,161 [9-330]
Eswatini,Estimated number of malaria deaths,2017,1 [0-2]
Eswatini,Estimated number of malaria deaths,2016,0 [0-1]
Eswatini,Estimated number of malaria deaths,2015,0
Eswatini,Estimated number of malaria deaths,2014,1 [0-2]
Eswatini,Estimated number of malaria deaths,2013,2 [0-3]
Eswatini,Estimated number of malaria deaths,2012,1 [0-2]
Eswatini,Estimated number of malaria deaths,2011,1 [0-2]
Eswatini,Estimated number of malaria deaths,2010,0 [0-1]
Ethiopia,Estimated number of malaria deaths,2017,5369 [80-16700]
Ethiopia,Estimated number of malaria deaths,2016,5705 [80-17900]
Ethiopia,Estimated number of malaria deaths,2015,6795 [80-22700]
Ethiopia,Estimated number of malaria deaths,2014,6694 [60-24000]
Ethiopia,Estimated number of malaria deaths,2013,9520 [50-50800]
Ethiopia,Estimated number of malaria deaths,2012,8816 [50-46500]
Ethiopia,Estimated number of malaria deaths,2011,8489 [50-45000]
Ethiopia,Estimated number of malaria deaths,2010,14514 [60-64700]
Gabon,Estimated number of malaria deaths,2017,505 [450-560]
Gabon,Estimated number of malaria deaths,2016,502 [440-560]
Gabon,Estimated number of malaria deaths,2015,498 [440-560]
Gabon,Estimated number of malaria deaths,2014,490 [430-550]
Gabon,Estimated number of malaria deaths,2013,478 [420-540]
Gabon,Estimated number of malaria deaths,2012,460 [400-520]
Gabon,Estimated number of malaria deaths,2011,438 [380-490]
Gabon,Estimated number of malaria deaths,2010,413 [360-460]
Gambia,Estimated number of malaria deaths,2017,674 [580-760]
Gambia,Estimated number of malaria deaths,2016,667 [580-760]
Gambia,Estimated number of malaria deaths,2015,659 [570-750]
Gambia,Estimated number of malaria deaths,2014,652 [560-750]
Gambia,Estimated number of malaria deaths,2013,644 [550-740]
Gambia,Estimated number of malaria deaths,2012,636 [540-730]
Gambia,Estimated number of malaria deaths,2011,631 [530-730]
Gambia,Estimated number of malaria deaths,2010,619 [520-720]
Georgia,Estimated number of malaria deaths,2017,0
Georgia,Estimated number of malaria deaths,2016,0
Georgia,Estimated number of malaria deaths,2015,0
Georgia,Estimated number of malaria deaths,2014,0
Georgia,Estimated number of malaria deaths,2013,0
Georgia,Estimated number of malaria deaths,2012,0
Georgia,Estimated number of malaria deaths,2011,0
Georgia,Estimated number of malaria deaths,2010,0
Ghana,Estimated number of malaria deaths,2017,10917 [10100-11800]
Ghana,Estimated number of malaria deaths,2016,11223 [10300-12200]
Ghana,Estimated number of malaria deaths,2015,11749 [10600-12900]
Ghana,Estimated number of malaria deaths,2014,12625 [11300-14000]
Ghana,Estimated number of malaria deaths,2013,13686 [12100-15300]
Ghana,Estimated number of malaria deaths,2012,14403 [12600-16200]
Ghana,Estimated number of malaria deaths,2011,14954 [13000-16900]
Ghana,Estimated number of malaria deaths,2010,15241 [13200-17300]
Guatemala,Estimated number of malaria deaths,2017,1 [0-3]
Guatemala,Estimated number of malaria deaths,2016,2 [0-4]
Guatemala,Estimated number of malaria deaths,2015,3 [1-6]
Guatemala,Estimated number of malaria deaths,2014,2 [1-5]
Guatemala,Estimated number of malaria deaths,2013,3 [1-5]
Guatemala,Estimated number of malaria deaths,2012,2 [1-4]
Guatemala,Estimated number of malaria deaths,2011,3 [1-6]
Guatemala,Estimated number of malaria deaths,2010,3 [1-7]
Guinea,Estimated number of malaria deaths,2017,7562 [6180-8950]
Guinea,Estimated number of malaria deaths,2016,7962 [6480-9460]
Guinea,Estimated number of malaria deaths,2015,8542 [6900-10200]
Guinea,Estimated number of malaria deaths,2014,9428 [7580-11300]
Guinea,Estimated number of malaria deaths,2013,10278 [8220-12300]
Guinea,Estimated number of malaria deaths,2012,11578 [9200-14000]
Guinea,Estimated number of malaria deaths,2011,12479 [9870-15100]
Guinea,Estimated number of malaria deaths,2010,12896 [10200-15600]
Guinea-Bissau,Estimated number of malaria deaths,2017,688 [590-780]
Guinea-Bissau,Estimated number of malaria deaths,2016,684 [590-780]
Guinea-Bissau,Estimated number of malaria deaths,2015,661 [570-760]
Guinea-Bissau,Estimated number of malaria deaths,2014,660 [560-760]
Guinea-Bissau,Estimated number of malaria deaths,2013,657 [560-760]
Guinea-Bissau,Estimated number of malaria deaths,2012,660 [560-760]
Guinea-Bissau,Estimated number of malaria deaths,2011,664 [560-770]
Guinea-Bissau,Estimated number of malaria deaths,2010,664 [550-770]
Guyana,Estimated number of malaria deaths,2017,33 [3-60]
Guyana,Estimated number of malaria deaths,2016,28 [3-50]
Guyana,Estimated number of malaria deaths,2015,22 [2-40]
Guyana,Estimated number of malaria deaths,2014,28 [3-50]
Guyana,Estimated number of malaria deaths,2013,90 [7-180]
Guyana,Estimated number of malaria deaths,2012,77 [5-140]
Guyana,Estimated number of malaria deaths,2011,76 [4-140]
Guyana,Estimated number of malaria deaths,2010,57 [4-100]
Haiti,Estimated number of malaria deaths,2017,81 [2-160]
Haiti,Estimated number of malaria deaths,2016,89 [2-180]
Haiti,Estimated number of malaria deaths,2015,79 [2-160]
Haiti,Estimated number of malaria deaths,2014,81 [2-160]
Haiti,Estimated number of malaria deaths,2013,122 [3-270]
Haiti,Estimated number of malaria deaths,2012,149 [4-320]
Haiti,Estimated number of malaria deaths,2011,203 [5-440]
Haiti,Estimated number of malaria deaths,2010,211 [5-480]
Honduras,Estimated number of malaria deaths,2017,1 [0-1]
Honduras,Estimated number of malaria deaths,2016,6 [0-10]
Honduras,Estimated number of malaria deaths,2015,4 [0-7]
Honduras,Estimated number of malaria deaths,2014,3 [0-5]
Honduras,Estimated number of malaria deaths,2013,6 [1-10]
Honduras,Estimated number of malaria deaths,2012,4 [1-8]
Honduras,Estimated number of malaria deaths,2011,5 [1-9]
Honduras,Estimated number of malaria deaths,2010,7 [2-10]
India,Estimated number of malaria deaths,2017,16733 [1200-31900]
India,Estimated number of malaria deaths,2016,22786 [1580-45300]
India,Estimated number of malaria deaths,2015,22326 [1520-42000]
India,Estimated number of malaria deaths,2014,20647 [1410-39800]
India,Estimated number of malaria deaths,2013,17086 [1530-32100]
India,Estimated number of malaria deaths,2012,20722 [1980-39300]
India,Estimated number of malaria deaths,2011,25990 [2360-49100]
India,Estimated number of malaria deaths,2010,30930 [2770-58600]
Indonesia,Estimated number of malaria deaths,2017,2680 [200-5110]
Indonesia,Estimated number of malaria deaths,2016,2239 [170-4290]
Indonesia,Estimated number of malaria deaths,2015,2023 [170-3840]
Indonesia,Estimated number of malaria deaths,2014,2406 [200-4570]
Indonesia,Estimated number of malaria deaths,2013,3236 [280-6170]
Indonesia,Estimated number of malaria deaths,2012,3893 [340-7440]
Indonesia,Estimated number of malaria deaths,2011,3921 [340-7430]
Indonesia,Estimated number of malaria deaths,2010,4364 [380-8290]
Iran (Islamic Republic of),Estimated number of malaria deaths,2017,0
Iran (Islamic Republic of),Estimated number of malaria deaths,2016,0
Iran (Islamic Republic of),Estimated number of malaria deaths,2015,0
Iran (Islamic Republic of),Estimated number of malaria deaths,2014,0
Iran (Islamic Republic of),Estimated number of malaria deaths,2013,0
Iran (Islamic Republic of),Estimated number of malaria deaths,2012,0
Iran (Islamic Republic of),Estimated number of malaria deaths,2011,0
Iran (Islamic Republic of),Estimated number of malaria deaths,2010,0
Iraq,Estimated number of malaria deaths,2017,0
Iraq,Estimated number of malaria deaths,2016,0
Iraq,Estimated number of malaria deaths,2015,0
Iraq,Estimated number of malaria deaths,2014,0
Iraq,Estimated number of malaria deaths,2013,0
Iraq,Estimated number of malaria deaths,2012,0
Iraq,Estimated number of malaria deaths,2011,0
Iraq,Estimated number of malaria deaths,2010,0
Kazakhstan,Estimated number of malaria deaths,2017,0
Kazakhstan,Estimated number of malaria deaths,2016,0
Kazakhstan,Estimated number of malaria deaths,2015,0
Kazakhstan,Estimated number of malaria deaths,2014,0
Kazakhstan,Estimated number of malaria deaths,2013,0
Kazakhstan,Estimated number of malaria deaths,2012,0
Kazakhstan,Estimated number of malaria deaths,2011,0
Kazakhstan,Estimated number of malaria deaths,2010,0
Kenya,Estimated number of malaria deaths,2017,12467 [11200-13700]
Kenya,Estimated number of malaria deaths,2016,12419 [11100-13700]
Kenya,Estimated number of malaria deaths,2015,12331 [11000-13600]
Kenya,Estimated number of malaria deaths,2014,12242 [10900-13600]
Kenya,Estimated number of malaria deaths,2013,12111 [10700-13500]
Kenya,Estimated number of malaria deaths,2012,11990 [10600-13400]
Kenya,Estimated number of malaria deaths,2011,11834 [10400-13200]
Kenya,Estimated number of malaria deaths,2010,11375 [10000-12700]
Kyrgyzstan,Estimated number of malaria deaths,2017,0
Kyrgyzstan,Estimated number of malaria deaths,2016,0
Kyrgyzstan,Estimated number of malaria deaths,2015,0
Kyrgyzstan,Estimated number of malaria deaths,2014,0
Kyrgyzstan,Estimated number of malaria deaths,2013,0
Kyrgyzstan,Estimated number of malaria deaths,2012,0
Kyrgyzstan,Estimated number of malaria deaths,2011,0
Kyrgyzstan,Estimated number of malaria deaths,2010,0
Lao People's Democratic Republic,Estimated number of malaria deaths,2017,30 [2-60]
Lao People's Democratic Republic,Estimated number of malaria deaths,2016,34 [4-60]
Lao People's Democratic Republic,Estimated number of malaria deaths,2015,103 [10-190]
Lao People's Democratic Republic,Estimated number of malaria deaths,2014,160 [10-300]
Lao People's Democratic Republic,Estimated number of malaria deaths,2013,148 [10-280]
Lao People's Democratic Republic,Estimated number of malaria deaths,2012,215 [10-420]
Lao People's Democratic Republic,Estimated number of malaria deaths,2011,87 [3-160]
Lao People's Democratic Republic,Estimated number of malaria deaths,2010,101 [3-190]
Liberia,Estimated number of malaria deaths,2017,2227 [1910-2540]
Liberia,Estimated number of malaria deaths,2016,2213 [1890-2530]
Liberia,Estimated number of malaria deaths,2015,2158 [1840-2470]
Liberia,Estimated number of malaria deaths,2014,2176 [1850-2500]
Liberia,Estimated number of malaria deaths,2013,2208 [1870-2540]
Liberia,Estimated number of malaria deaths,2012,2354 [1980-2730]
Liberia,Estimated number of malaria deaths,2011,2554 [2120-2980]
Liberia,Estimated number of malaria deaths,2010,2764 [2280-3250]
Madagascar,Estimated number of malaria deaths,2017,5950 [190-11200]
Madagascar,Estimated number of malaria deaths,2016,4331 [140-8280]
Madagascar,Estimated number of malaria deaths,2015,7270 [230-14000]
Madagascar,Estimated number of malaria deaths,2014,3338 [100-6560]
Madagascar,Estimated number of malaria deaths,2013,4642 [140-10000]
Madagascar,Estimated number of malaria deaths,2012,4670 [130-10400]
Madagascar,Estimated number of malaria deaths,2011,2155 [60-4520]
Madagascar,Estimated number of malaria deaths,2010,2399 [70-5360]
Malawi,Estimated number of malaria deaths,2017,7077 [6060-8090]
Malawi,Estimated number of malaria deaths,2016,7177 [6110-8250]
Malawi,Estimated number of malaria deaths,2015,7384 [6240-8530]
Malawi,Estimated number of malaria deaths,2014,7737 [6490-8990]
Malawi,Estimated number of malaria deaths,2013,8161 [6790-9530]
Malawi,Estimated number of malaria deaths,2012,8819 [7290-10400]
Malawi,Estimated number of malaria deaths,2011,9085 [7480-10700]
Malawi,Estimated number of malaria deaths,2010,9506 [7800-11200]
Malaysia,Estimated number of malaria deaths,2017,10
Malaysia,Estimated number of malaria deaths,2016,2
Malaysia,Estimated number of malaria deaths,2015,4
Malaysia,Estimated number of malaria deaths,2014,4
Malaysia,Estimated number of malaria deaths,2013,10
Malaysia,Estimated number of malaria deaths,2012,12
Malaysia,Estimated number of malaria deaths,2011,12
Malaysia,Estimated number of malaria deaths,2010,13
Mali,Estimated number of malaria deaths,2017,12425 [9870-15000]
Mali,Estimated number of malaria deaths,2016,13974 [11100-16900]
Mali,Estimated number of malaria deaths,2015,16151 [12700-19600]
Mali,Estimated number of malaria deaths,2014,18224 [14300-22100]
Mali,Estimated number of malaria deaths,2013,19765 [15500-24100]
Mali,Estimated number of malaria deaths,2012,19798 [15500-24100]
Mali,Estimated number of malaria deaths,2011,19409 [15200-23600]
Mali,Estimated number of malaria deaths,2010,17725 [13900-21600]
Mauritania,Estimated number of malaria deaths,2017,1421 [1230-1610]
Mauritania,Estimated number of malaria deaths,2016,1402 [1210-1590]
Mauritania,Estimated number of malaria deaths,2015,1383 [1190-1570]
Mauritania,Estimated number of malaria deaths,2014,1355 [1160-1550]
Mauritania,Estimated number of malaria deaths,2013,1296 [1110-1480]
Mauritania,Estimated number of malaria deaths,2012,1274 [1090-1460]
Mauritania,Estimated number of malaria deaths,2011,1250 [1060-1440]
Mauritania,Estimated number of malaria deaths,2010,1226 [1040-1410]
Mexico,Estimated number of malaria deaths,2017,0
Mexico,Estimated number of malaria deaths,2016,0
Mexico,Estimated number of malaria deaths,2015,0
Mexico,Estimated number of malaria deaths,2014,0
Mexico,Estimated number of malaria deaths,2013,0
Mexico,Estimated number of malaria deaths,2012,0
Mexico,Estimated number of malaria deaths,2011,0
Mexico,Estimated number of malaria deaths,2010,0
Morocco,Estimated number of malaria deaths,2017,0
Morocco,Estimated number of malaria deaths,2016,0
Morocco,Estimated number of malaria deaths,2015,0
Morocco,Estimated number of malaria deaths,2014,0
Morocco,Estimated number of malaria deaths,2013,0
Morocco,Estimated number of malaria deaths,2012,4
Morocco,Estimated number of malaria deaths,2011,0
Morocco,Estimated number of malaria deaths,2010,2
Mozambique,Estimated number of malaria deaths,2017,14713 [12200-17200]
Mozambique,Estimated number of malaria deaths,2016,15269 [12600-17900]
Mozambique,Estimated number of malaria deaths,2015,15985 [13100-18900]
Mozambique,Estimated number of malaria deaths,2014,16804 [13700-19900]
Mozambique,Estimated number of malaria deaths,2013,17334 [14100-20600]
Mozambique,Estimated number of malaria deaths,2012,17343 [14100-20600]
Mozambique,Estimated number of malaria deaths,2011,17478 [14100-20800]
Mozambique,Estimated number of malaria deaths,2010,17542 [14200-20900]
Myanmar,Estimated number of malaria deaths,2017,218 [10-390]
Myanmar,Estimated number of malaria deaths,2016,444 [30-800]
Myanmar,Estimated number of malaria deaths,2015,754 [60-1370]
Myanmar,Estimated number of malaria deaths,2014,913 [60-1830]
Myanmar,Estimated number of malaria deaths,2013,1356 [90-2690]
Myanmar,Estimated number of malaria deaths,2012,3690 [230-7560]
Myanmar,Estimated number of malaria deaths,2011,2471 [160-4650]
Myanmar,Estimated number of malaria deaths,2010,3885 [240-8270]
Namibia,Estimated number of malaria deaths,2017,229 [7-420]
Namibia,Estimated number of malaria deaths,2016,106 [3-190]
Namibia,Estimated number of malaria deaths,2015,51 [1-90]
Namibia,Estimated number of malaria deaths,2014,67 [2-120]
Namibia,Estimated number of malaria deaths,2013,20 [0-40]
Namibia,Estimated number of malaria deaths,2012,15 [0-40]
Namibia,Estimated number of malaria deaths,2011,9 [0-20]
Namibia,Estimated number of malaria deaths,2010,6 [0-20]
Nepal,Estimated number of malaria deaths,2017,1 [0-3]
Nepal,Estimated number of malaria deaths,2016,1 [0-4]
Nepal,Estimated number of malaria deaths,2015,2 [0-7]
Nepal,Estimated number of malaria deaths,2014,3 [0-8]
Nepal,Estimated number of malaria deaths,2013,7 [1-20]
Nepal,Estimated number of malaria deaths,2012,6 [2-20]
Nepal,Estimated number of malaria deaths,2011,10 [3-20]
Nepal,Estimated number of malaria deaths,2010,27 [4-70]
Nicaragua,Estimated number of malaria deaths,2017,10 [2-20]
Nicaragua,Estimated number of malaria deaths,2016,6 [1-10]
Nicaragua,Estimated number of malaria deaths,2015,2 [0-3]
Nicaragua,Estimated number of malaria deaths,2014,0 [0-1]
Nicaragua,Estimated number of malaria deaths,2013,1 [0-1]
Nicaragua,Estimated number of malaria deaths,2012,1 [0-2]
Nicaragua,Estimated number of malaria deaths,2011,0 [0-1]
Nicaragua,Estimated number of malaria deaths,2010,0 [0-1]
Niger,Estimated number of malaria deaths,2017,17155 [13000-21300]
Niger,Estimated number of malaria deaths,2016,18226 [13800-22700]
Niger,Estimated number of malaria deaths,2015,18769 [14200-23300]
Niger,Estimated number of malaria deaths,2014,20025 [15100-24900]
Niger,Estimated number of malaria deaths,2013,21180 [16000-26400]
Niger,Estimated number of malaria deaths,2012,22040 [16600-27400]
Niger,Estimated number of malaria deaths,2011,22258 [16800-27800]
Niger,Estimated number of malaria deaths,2010,21750 [16400-27200]
Nigeria,Estimated number of malaria deaths,2017,81640 [64400-98800]
Nigeria,Estimated number of malaria deaths,2016,90378 [71100-110000]
Nigeria,Estimated number of malaria deaths,2015,98478 [77400-120000]
Nigeria,Estimated number of malaria deaths,2014,107843 [84600-131000]
Nigeria,Estimated number of malaria deaths,2013,116472 [91200-142000]
Nigeria,Estimated number of malaria deaths,2012,125290 [98100-152000]
Nigeria,Estimated number of malaria deaths,2011,136533 [107000-166000]
Nigeria,Estimated number of malaria deaths,2010,146734 [115000-179000]
Oman,Estimated number of malaria deaths,2017,0
Oman,Estimated number of malaria deaths,2016,0
Oman,Estimated number of malaria deaths,2015,0
Oman,Estimated number of malaria deaths,2014,0
Oman,Estimated number of malaria deaths,2013,0
Oman,Estimated number of malaria deaths,2012,0
Oman,Estimated number of malaria deaths,2011,0
Oman,Estimated number of malaria deaths,2010,0
Pakistan,Estimated number of malaria deaths,2017,805 [160-1480]
Pakistan,Estimated number of malaria deaths,2016,1013 [200-2030]
Pakistan,Estimated number of malaria deaths,2015,781 [150-1940]
Pakistan,Estimated number of malaria deaths,2014,981 [220-2300]
Pakistan,Estimated number of malaria deaths,2013,1047 [220-2390]
Pakistan,Estimated number of malaria deaths,2012,1704 [230-4250]
Pakistan,Estimated number of malaria deaths,2011,1814 [280-4330]
Pakistan,Estimated number of malaria deaths,2010,1617 [190-4250]
Panama,Estimated number of malaria deaths,2017,0
Panama,Estimated number of malaria deaths,2016,0
Panama,Estimated number of malaria deaths,2015,0
Panama,Estimated number of malaria deaths,2014,0
Panama,Estimated number of malaria deaths,2013,0
Panama,Estimated number of malaria deaths,2012,1
Panama,Estimated number of malaria deaths,2011,0
Panama,Estimated number of malaria deaths,2010,1
Papua New Guinea,Estimated number of malaria deaths,2017,3053 [170-6120]
Papua New Guinea,Estimated number of malaria deaths,2016,3109 [160-6100]
Papua New Guinea,Estimated number of malaria deaths,2015,2228 [110-4450]
Papua New Guinea,Estimated number of malaria deaths,2014,3728 [220-7860]
Papua New Guinea,Estimated number of malaria deaths,2013,4044 [150-8350]
Papua New Guinea,Estimated number of malaria deaths,2012,3048 [110-8100]
Papua New Guinea,Estimated number of malaria deaths,2011,2344 [80-5580]
Papua New Guinea,Estimated number of malaria deaths,2010,2634 [100-6250]
Paraguay,Estimated number of malaria deaths,2017,0
Paraguay,Estimated number of malaria deaths,2016,0
Paraguay,Estimated number of malaria deaths,2015,0
Paraguay,Estimated number of malaria deaths,2014,0
Paraguay,Estimated number of malaria deaths,2013,0
Paraguay,Estimated number of malaria deaths,2012,0
Paraguay,Estimated number of malaria deaths,2011,0
Paraguay,Estimated number of malaria deaths,2010,0
Peru,Estimated number of malaria deaths,2017,10
Peru,Estimated number of malaria deaths,2016,7
Peru,Estimated number of malaria deaths,2015,5
Peru,Estimated number of malaria deaths,2014,4
Peru,Estimated number of malaria deaths,2013,4
Peru,Estimated number of malaria deaths,2012,7
Peru,Estimated number of malaria deaths,2011,1
Peru,Estimated number of malaria deaths,2010,0
Philippines,Estimated number of malaria deaths,2017,34 [1-60]
Philippines,Estimated number of malaria deaths,2016,36 [1-70]
Philippines,Estimated number of malaria deaths,2015,59 [2-120]
Philippines,Estimated number of malaria deaths,2014,30 [1-60]
Philippines,Estimated number of malaria deaths,2013,36 [1-70]
Philippines,Estimated number of malaria deaths,2012,36 [2-70]
Philippines,Estimated number of malaria deaths,2011,48 [2-90]
Philippines,Estimated number of malaria deaths,2010,114 [5-220]
Republic of Korea,Estimated number of malaria deaths,2017,0
Republic of Korea,Estimated number of malaria deaths,2016,0
Republic of Korea,Estimated number of malaria deaths,2015,0
Republic of Korea,Estimated number of malaria deaths,2014,0
Republic of Korea,Estimated number of malaria deaths,2013,0
Republic of Korea,Estimated number of malaria deaths,2012,0
Republic of Korea,Estimated number of malaria deaths,2011,2
Republic of Korea,Estimated number of malaria deaths,2010,1
Rwanda,Estimated number of malaria deaths,2017,3270 [2990-3550]
Rwanda,Estimated number of malaria deaths,2016,3242 [2950-3530]
Rwanda,Estimated number of malaria deaths,2015,3218 [2910-3530]
Rwanda,Estimated number of malaria deaths,2014,3202 [2880-3530]
Rwanda,Estimated number of malaria deaths,2013,3200 [2850-3550]
Rwanda,Estimated number of malaria deaths,2012,3209 [2840-3580]
Rwanda,Estimated number of malaria deaths,2011,3218 [2820-3620]
Rwanda,Estimated number of malaria deaths,2010,3253 [2820-3690]
Sao Tome and Principe,Estimated number of malaria deaths,2017,0
Sao Tome and Principe,Estimated number of malaria deaths,2016,0
Sao Tome and Principe,Estimated number of malaria deaths,2015,0
Sao Tome and Principe,Estimated number of malaria deaths,2014,0
Sao Tome and Principe,Estimated number of malaria deaths,2013,11
Sao Tome and Principe,Estimated number of malaria deaths,2012,7
Sao Tome and Principe,Estimated number of malaria deaths,2011,19
Sao Tome and Principe,Estimated number of malaria deaths,2010,14
Saudi Arabia,Estimated number of malaria deaths,2017,0
Saudi Arabia,Estimated number of malaria deaths,2016,0
Saudi Arabia,Estimated number of malaria deaths,2015,0
Saudi Arabia,Estimated number of malaria deaths,2014,0
Saudi Arabia,Estimated number of malaria deaths,2013,0
Saudi Arabia,Estimated number of malaria deaths,2012,0
Saudi Arabia,Estimated number of malaria deaths,2011,0
Saudi Arabia,Estimated number of malaria deaths,2010,0
Senegal,Estimated number of malaria deaths,2017,4523 [4060-4980]
Senegal,Estimated number of malaria deaths,2016,4475 [4000-4950]
Senegal,Estimated number of malaria deaths,2015,4424 [3940-4910]
Senegal,Estimated number of malaria deaths,2014,4364 [3870-4860]
Senegal,Estimated number of malaria deaths,2013,4252 [3760-4740]
Senegal,Estimated number of malaria deaths,2012,4256 [3740-4770]
Senegal,Estimated number of malaria deaths,2011,4271 [3720-4820]
Senegal,Estimated number of malaria deaths,2010,4284 [3710-4860]
Sierra Leone,Estimated number of malaria deaths,2017,17590 [16200-19000]
Sierra Leone,Estimated number of malaria deaths,2016,17550 [16100-19000]
Sierra Leone,Estimated number of malaria deaths,2015,17700 [16100-19300]
Sierra Leone,Estimated number of malaria deaths,2014,18143 [16400-19900]
Sierra Leone,Estimated number of malaria deaths,2013,19129 [17100-21200]
Sierra Leone,Estimated number of malaria deaths,2012,20678 [18200-23100]
Sierra Leone,Estimated number of malaria deaths,2011,22419 [19500-25300]
Sierra Leone,Estimated number of malaria deaths,2010,23575 [20400-26800]
Solomon Islands,Estimated number of malaria deaths,2017,134 [20-260]
Solomon Islands,Estimated number of malaria deaths,2016,103 [10-180]
Solomon Islands,Estimated number of malaria deaths,2015,58 [5-100]
Solomon Islands,Estimated number of malaria deaths,2014,49 [4-90]
Solomon Islands,Estimated number of malaria deaths,2013,83 [7-160]
Solomon Islands,Estimated number of malaria deaths,2012,89 [6-180]
Solomon Islands,Estimated number of malaria deaths,2011,109 [8-230]
Solomon Islands,Estimated number of malaria deaths,2010,163 [10-330]
Somalia,Estimated number of malaria deaths,2017,1386 [40-3100]
Somalia,Estimated number of malaria deaths,2016,1353 [40-3010]
Somalia,Estimated number of malaria deaths,2015,1316 [40-2940]
Somalia,Estimated number of malaria deaths,2014,1103 [30-2440]
Somalia,Estimated number of malaria deaths,2013,937 [20-2080]
Somalia,Estimated number of malaria deaths,2012,795 [20-1730]
Somalia,Estimated number of malaria deaths,2011,771 [20-1680]
Somalia,Estimated number of malaria deaths,2010,912 [20-1990]
South Africa,Estimated number of malaria deaths,2017,274
South Africa,Estimated number of malaria deaths,2016,34
South Africa,Estimated number of malaria deaths,2015,110
South Africa,Estimated number of malaria deaths,2014,174
South Africa,Estimated number of malaria deaths,2013,105
South Africa,Estimated number of malaria deaths,2012,72
South Africa,Estimated number of malaria deaths,2011,54
South Africa,Estimated number of malaria deaths,2010,83
South Sudan,Estimated number of malaria deaths,2017,6069 [5220-6920]
South Sudan,Estimated number of malaria deaths,2016,5821 [5010-6630]
South Sudan,Estimated number of malaria deaths,2015,5570 [4790-6340]
South Sudan,Estimated number of malaria deaths,2014,5321 [4580-6060]
South Sudan,Estimated number of malaria deaths,2013,5075 [4370-5780]
South Sudan,Estimated number of malaria deaths,2012,5006 [4300-5710]
South Sudan,Estimated number of malaria deaths,2011,5136 [4380-5890]
South Sudan,Estimated number of malaria deaths,2010,5286 [4470-6110]
Sri Lanka,Estimated number of malaria deaths,2017,0
Sri Lanka,Estimated number of malaria deaths,2016,0
Sri Lanka,Estimated number of malaria deaths,2015,0
Sri Lanka,Estimated number of malaria deaths,2014,0
Sri Lanka,Estimated number of malaria deaths,2013,0
Sri Lanka,Estimated number of malaria deaths,2012,0
Sri Lanka,Estimated number of malaria deaths,2011,0
Sri Lanka,Estimated number of malaria deaths,2010,0
Sudan,Estimated number of malaria deaths,2017,3885 [110-8940]
Sudan,Estimated number of malaria deaths,2016,3800 [100-8720]
Sudan,Estimated number of malaria deaths,2015,3780 [100-8730]
Sudan,Estimated number of malaria deaths,2014,3312 [90-7640]
Sudan,Estimated number of malaria deaths,2013,2854 [80-6440]
Sudan,Estimated number of malaria deaths,2012,2543 [70-5690]
Sudan,Estimated number of malaria deaths,2011,2435 [70-5500]
Sudan (until 2011),Estimated number of malaria deaths,2010,2462 [70-5520]
Suriname,Estimated number of malaria deaths,2017,0
Suriname,Estimated number of malaria deaths,2016,0
Suriname,Estimated number of malaria deaths,2015,0
Suriname,Estimated number of malaria deaths,2014,1
Suriname,Estimated number of malaria deaths,2013,1
Suriname,Estimated number of malaria deaths,2012,0
Suriname,Estimated number of malaria deaths,2011,1
Suriname,Estimated number of malaria deaths,2010,1
Syrian Arab Republic,Estimated number of malaria deaths,2017,0
Syrian Arab Republic,Estimated number of malaria deaths,2016,0
Syrian Arab Republic,Estimated number of malaria deaths,2015,0
Syrian Arab Republic,Estimated number of malaria deaths,2014,0
Syrian Arab Republic,Estimated number of malaria deaths,2013,0
Syrian Arab Republic,Estimated number of malaria deaths,2012,0
Syrian Arab Republic,Estimated number of malaria deaths,2011,0
Syrian Arab Republic,Estimated number of malaria deaths,2010,0
Tajikistan,Estimated number of malaria deaths,2017,0
Tajikistan,Estimated number of malaria deaths,2016,0
Tajikistan,Estimated number of malaria deaths,2015,0
Tajikistan,Estimated number of malaria deaths,2014,0
Tajikistan,Estimated number of malaria deaths,2013,0
Tajikistan,Estimated number of malaria deaths,2012,0
Tajikistan,Estimated number of malaria deaths,2011,0
Tajikistan,Estimated number of malaria deaths,2010,0
Thailand,Estimated number of malaria deaths,2017,11
Thailand,Estimated number of malaria deaths,2016,27
Thailand,Estimated number of malaria deaths,2015,33
Thailand,Estimated number of malaria deaths,2014,38
Thailand,Estimated number of malaria deaths,2013,47
Thailand,Estimated number of malaria deaths,2012,37
Thailand,Estimated number of malaria deaths,2011,43
Thailand,Estimated number of malaria deaths,2010,80
Timor-Leste,Estimated number of malaria deaths,2017,0
Timor-Leste,Estimated number of malaria deaths,2016,0
Timor-Leste,Estimated number of malaria deaths,2015,0
Timor-Leste,Estimated number of malaria deaths,2014,0 [0-1]
Timor-Leste,Estimated number of malaria deaths,2013,2 [0-4]
Timor-Leste,Estimated number of malaria deaths,2012,10 [1-20]
Timor-Leste,Estimated number of malaria deaths,2011,70 [3-130]
Timor-Leste,Estimated number of malaria deaths,2010,200 [10-390]
Togo,Estimated number of malaria deaths,2017,5341 [4360-6330]
Togo,Estimated number of malaria deaths,2016,5381 [4370-6380]
Togo,Estimated number of malaria deaths,2015,5268 [4290-6250]
Togo,Estimated number of malaria deaths,2014,4933 [4020-5850]
Togo,Estimated number of malaria deaths,2013,4689 [3820-5560]
Togo,Estimated number of malaria deaths,2012,4676 [3810-5540]
Togo,Estimated number of malaria deaths,2011,4814 [3910-5720]
Togo,Estimated number of malaria deaths,2010,5064 [4100-6030]
Turkey,Estimated number of malaria deaths,2017,0
Turkey,Estimated number of malaria deaths,2016,0
Turkey,Estimated number of malaria deaths,2015,0
Turkey,Estimated number of malaria deaths,2014,0
Turkey,Estimated number of malaria deaths,2013,0
Turkey,Estimated number of malaria deaths,2012,0
Turkey,Estimated number of malaria deaths,2011,0
Turkey,Estimated number of malaria deaths,2010,0
Turkmenistan,Estimated number of malaria deaths,2017,0
Turkmenistan,Estimated number of malaria deaths,2016,0
Turkmenistan,Estimated number of malaria deaths,2015,0
Turkmenistan,Estimated number of malaria deaths,2014,0
Turkmenistan,Estimated number of malaria deaths,2013,0
Turkmenistan,Estimated number of malaria deaths,2012,0
Turkmenistan,Estimated number of malaria deaths,2011,0
Turkmenistan,Estimated number of malaria deaths,2010,0
Uganda,Estimated number of malaria deaths,2017,14390 [11800-16900]
Uganda,Estimated number of malaria deaths,2016,14101 [11600-16600]
Uganda,Estimated number of malaria deaths,2015,13809 [11300-16300]
Uganda,Estimated number of malaria deaths,2014,14003 [11400-16600]
Uganda,Estimated number of malaria deaths,2013,14254 [11600-16900]
Uganda,Estimated number of malaria deaths,2012,15821 [12700-18900]
Uganda,Estimated number of malaria deaths,2011,18393 [14700-22100]
Uganda,Estimated number of malaria deaths,2010,21558 [17200-26000]
United Arab Emirates,Estimated number of malaria deaths,2017,0
United Arab Emirates,Estimated number of malaria deaths,2016,0
United Arab Emirates,Estimated number of malaria deaths,2015,0
United Arab Emirates,Estimated number of malaria deaths,2014,0
United Arab Emirates,Estimated number of malaria deaths,2013,0
United Arab Emirates,Estimated number of malaria deaths,2012,0
United Arab Emirates,Estimated number of malaria deaths,2011,0
United Arab Emirates,Estimated number of malaria deaths,2010,0
United Republic of Tanzania,Estimated number of malaria deaths,2017,22301 [19800-24800]
United Republic of Tanzania,Estimated number of malaria deaths,2016,21981 [19500-24500]
United Republic of Tanzania,Estimated number of malaria deaths,2015,21662 [19100-24200]
United Republic of Tanzania,Estimated number of malaria deaths,2014,21330 [18800-23900]
United Republic of Tanzania,Estimated number of malaria deaths,2013,20990 [18400-23600]
United Republic of Tanzania,Estimated number of malaria deaths,2012,20124 [17700-22600]
United Republic of Tanzania,Estimated number of malaria deaths,2011,20131 [17600-22700]
United Republic of Tanzania,Estimated number of malaria deaths,2010,20281 [17600-23000]
Uzbekistan,Estimated number of malaria deaths,2017,0
Uzbekistan,Estimated number of malaria deaths,2016,0
Uzbekistan,Estimated number of malaria deaths,2015,0
Uzbekistan,Estimated number of malaria deaths,2014,0
Uzbekistan,Estimated number of malaria deaths,2013,0
Uzbekistan,Estimated number of malaria deaths,2012,0
Uzbekistan,Estimated number of malaria deaths,2011,0
Uzbekistan,Estimated number of malaria deaths,2010,0
Vanuatu,Estimated number of malaria deaths,2017,2 [0-3]
Vanuatu,Estimated number of malaria deaths,2016,2 [0-4]
Vanuatu,Estimated number of malaria deaths,2015,0 [0-1]
Vanuatu,Estimated number of malaria deaths,2014,2 [0-4]
Vanuatu,Estimated number of malaria deaths,2013,7 [0-10]
Vanuatu,Estimated number of malaria deaths,2012,12 [1-20]
Vanuatu,Estimated number of malaria deaths,2011,14 [1-30]
Vanuatu,Estimated number of malaria deaths,2010,20 [2-40]
Venezuela (Bolivarian Republic of),Estimated number of malaria deaths,2017,456 [80-790]
Venezuela (Bolivarian Republic of),Estimated number of malaria deaths,2016,281 [50-490]
Venezuela (Bolivarian Republic of),Estimated number of malaria deaths,2015,162 [30-280]
Venezuela (Bolivarian Republic of),Estimated number of malaria deaths,2014,119 [20-210]
Venezuela (Bolivarian Republic of),Estimated number of malaria deaths,2013,114 [20-200]
Venezuela (Bolivarian Republic of),Estimated number of malaria deaths,2012,62 [10-110]
Venezuela (Bolivarian Republic of),Estimated number of malaria deaths,2011,51 [9-90]
Venezuela (Bolivarian Republic of),Estimated number of malaria deaths,2010,52 [9-90]
Viet Nam,Estimated number of malaria deaths,2017,9 [0-20]
Viet Nam,Estimated number of malaria deaths,2016,8 [0-10]
Viet Nam,Estimated number of malaria deaths,2015,16 [1-30]
Viet Nam,Estimated number of malaria deaths,2014,29 [2-50]
Viet Nam,Estimated number of malaria deaths,2013,34 [2-60]
Viet Nam,Estimated number of malaria deaths,2012,40 [3-70]
Viet Nam,Estimated number of malaria deaths,2011,35 [2-60]
Viet Nam,Estimated number of malaria deaths,2010,45 [2-80]
Yemen,Estimated number of malaria deaths,2017,1926 [70-3760]
Yemen,Estimated number of malaria deaths,2016,1698 [60-3290]
Yemen,Estimated number of malaria deaths,2015,2607 [80-11600]
Yemen,Estimated number of malaria deaths,2014,2983 [90-13600]
Yemen,Estimated number of malaria deaths,2013,1805 [60-3480]
Yemen,Estimated number of malaria deaths,2012,2169 [70-4360]
Yemen,Estimated number of malaria deaths,2011,2013 [70-4620]
Yemen,Estimated number of malaria deaths,2010,2874 [90-8490]
Zambia,Estimated number of malaria deaths,2017,7618 [6600-8630]
Zambia,Estimated number of malaria deaths,2016,7588 [6540-8630]
Zambia,Estimated number of malaria deaths,2015,7526 [6470-8580]
Zambia,Estimated number of malaria deaths,2014,7451 [6380-8530]
Zambia,Estimated number of malaria deaths,2013,7042 [6040-8040]
Zambia,Estimated number of malaria deaths,2012,6865 [5870-7860]
Zambia,Estimated number of malaria deaths,2011,6688 [5710-7660]
Zambia,Estimated number of malaria deaths,2010,6544 [5580-7510]
Zimbabwe,Estimated number of malaria deaths,2017,3172 [90-6410]
Zimbabwe,Estimated number of malaria deaths,2016,1894 [60-3800]
Zimbabwe,Estimated number of malaria deaths,2015,2769 [80-5480]
Zimbabwe,Estimated number of malaria deaths,2014,2799 [90-5290]
Zimbabwe,Estimated number of malaria deaths,2013,2211 [70-4270]
Zimbabwe,Estimated number of malaria deaths,2012,1515 [40-2980]
Zimbabwe,Estimated number of malaria deaths,2011,1839 [50-3720]
Zimbabwe,Estimated number of malaria deaths,2010,2803 [80-6190]
